{
    "embedding_dim": 49,
    "gamma": 7.120692729949951,
    "beta": -13.022390365600586,
    "epoch": 1000,
    "dataset": "SPM",
    "net_type": "MCN",
    "node2vec_p": 0.25,
    "node2vec_q": 2,
    "node2vec_dim": 32,
    "centrality_scaling": 1.7017439603805542,
    "mixing_weight": 0.2707771956920624,
    "noise_threshold": 0.5124973654747009,
    "num_nodes": 19,
    "num_edges": 58,
    "num_key_nodes": 10
}