{
    "embedding_dim": 49,
    "gamma": 6.5911383628845215,
    "beta": -13.465933799743652,
    "epoch": 1000,
    "dataset": "ANT",
    "net_type": "MCN",
    "node2vec_p": 0.25,
    "node2vec_q": 2,
    "node2vec_dim": 32,
    "centrality_scaling": 1.313834309577942,
    "mixing_weight": 0.3416633903980255,
    "noise_threshold": 0.5124973654747009,
    "num_nodes": 900,
    "num_edges": 3551,
    "num_key_nodes": 10
}